<?xml version="1.0" encoding="UTF-8"?>
<monster name="Gladiator" nameDescription="a gladiator" race="blood" experience="11000" speed="900" manacost="470">
  <health now="11050" max="11050"/>
  <look type="131" head="78" body="3" legs="79" feet="114" corpse="3058"/>
  <targetchange interval="2000" chance="0"/>
  <strategy attack="100" defense="30"/>
  <flags>
    <flag summonable="1"/>
    <flag attackable="1"/>
    <flag hostile="1"/>
    <flag illusionable="0"/>
    <flag convinceable="1"/>
    <flag pushable="1"/>
    <flag canpushitems="0"/>
    <flag canpushcreatures="0"/>
    <flag staticattack="90"/>
    <flag targetdistance="1"/>
    <flag runonhealth="10"/>
  </flags>
  <attacks>
    <attack name="melee" interval="2000" skill="100" attack="100"/>
<attack name="physical" interval="2000" chance="20" range="7" min="-250" max="-445">
      <attribute key="shootEffect" value="spear"/>
    </attack>
<attack name="melee" interval="2000" chance="15" range="7" radius="3" target="0" min="-180" max="-555">
  <attribute key="areaEffect" value="blackspark"/>
</attack>
  </attacks>
  <defenses armor="20" defense="22">
    <defense name="speed" interval="1000" chance="9" speedchange="915" duration="5000">
      <attribute key="areaEffect" value="redshimmer"/>
    </defense>
  </defenses>
  <immunities>
		<immunity invisible="1"/>
		<immunity paralyze="1"/>
	</immunities>
  <elements>
	<element holyPercent="10"/>
	<element physicalPercent="15"/>
	<element deathPercent="-10"/>
  </elements>
  <voices interval="3000" chance="10">
    <voice sentence="This is sparta!"/>
    <voice sentence="S2"/>
	<voice sentence="Fight!"/>
  </voices>
  <loot>
    <item id="2148" countmax="20" chance1="100000" chancemax="0"/> --GP
    <item id="8872" chance="6000"/> -- Belted cape   
	<item id="2666" countmax="2" chance1="25000" chancemax="0"/>  --Meat
    <item id="2465" chance="9500"/> --Brass armor	
    <item id="1987" chance="100000"> --Bag
		<inside>
			<item id="2398" chance="18000"/> --Mace
			<item id="2459" chance="4500"/> -- Iron helmet
			<item id="2510" chance="9500"/> -- Plate shield
			<item id="2509" chance="15000"/> --Steel shield
		</inside>
    </item>
  </loot>
</monster>
