<?xml version="1.0" encoding="UTF-8"?>
<monster name="War Golem" nameDescription="a war golem" race="blood" experience="11000" speed="810" manacost="0">
  <health now="11050" max="11050"/>
	<look type="326" corpse="10005"/>
	<targetchange interval="2000" chance="18"/>
  <strategy attack="100" defense="0"/>
  <flags>
    <flag summonable="0"/>
    <flag attackable="1"/>
    <flag hostile="1"/>
    <flag illusionable="0"/>
    <flag convinceable="0"/>
    <flag pushable="0"/>
    <flag canpushitems="1"/>
    <flag canpushcreatures="1"/>
    <flag targetdistance="1"/>
    <flag staticattack="90"/>
    <flag runonhealth="0"/>
  </flags>
	<attacks>
		<attack name="melee" interval="2000" skill="95" attack="100"/>
		<attack name="energy" interval="1000" chance="7" range="7" min="-200" max="-350">
			<attribute key="shootEffect" value="energy"/>
		</attack>
		<attack name="energy" interval="2000" chance="25" length="8" spread="0" min="-100" max="-280">
			<attribute key="areaEffect" value="energy"/>
		</attack>
		<attack name="outfit" interval="1000" chance="9" range="7" monster="skeleton" duration="5000">
			<attribute key="areaeffect" value="blueshimmer"/>
		</attack>
    <attack name="physical" interval="2000" chance="15" range="7" min="-400" max="-450">
      <attribute key="shootEffect" value="largerock"/>
    </attack>		
	</attacks>
	<defenses armor="40" defense="45">
		<defense name="speed" interval="1000" chance="9" speedchange="690" duration="4000">
			<attribute key="areaEffect" value="redshimmer"/>
		</defense>
		<defense name="healing" interval="1000" chance="20" min="150" max="230">
			<attribute key="areaEffect" value="blueshimmer"/>
		</defense>
	</defenses>
	<elements>
		<element earthPercent="50"/>
		<element holyPercent="30"/>
		<element firePercent="45"/>
		<element energyPercent="25"/>
		<element physicalPercent="40"/>
		<element icePercent="25"/>
		<element deathPercent="30"/>
	</elements>
	<immunities>
		<immunity invisible="1"/>
		<immunity paralyze="1"/>
	</immunities>
	<voices interval="2500" chance="10">
		<voice sentence="Hasta la vista, BABY!"/>
		<voice sentence="^^"/>
		<voice sentence="Auto repair in progress."/>		
		<voice sentence="Termination initialized!"/>
		<voice sentence="xD"/>		
	</voices>
	<loot>
		<item id="8309" countmax="5" chance1="50000" chancemax="0"/> <!-- nails -->
		<item id="2148" countmax="170" chance1="100000" chancemax="0"/> <!-- gps -->
		<item id="1987" chance="100000">
			<inside>
				<item id="7893" chance="1200"/> <!-- lightning boots -->
				<item id="9980" chance="800"/> <!-- crystal of power -->
				<item id="2645" chance="700"/> <!-- steel boots -->
				<item id="5880" chance="15000"/> <!-- iron ore -->
				<item id="7403" chance="2350"/> <!-- berserker -->
				<item id="7422" chance="1111"/> <!-- jade hammer -->
			</inside>
		</item>
	</loot>
</monster>
