<?xml version="1.0" encoding="UTF-8"?>
<monster name="Draken Spellweaver" nameDescription="a draken spellweaver" race="blood" experience="3600" speed="240" manacost="0">
    <health now="5000" max="5000"/>
    <look type="340" corpse="11310"/>
	<targetchange interval="5000" chance="8"/>
    <strategy attack="100" defense="0"/>
    <flags>
		<flag summonable="0"/>
		<flag attackable="1"/>
		<flag hostile="1"/>
		<flag illusionable="0"/>
		<flag convinceable="0"/>
		<flag pushable="0"/>
		<flag canpushitems="1"/>
		<flag canpushcreatures="1"/>
		<flag targetdistance="1"/>
		<flag staticattack="90"/>
        <flag runonhealth="0"/>
     </flags>
<attacks>
<attack name="melee" interval="2000" skill="70" attack="50"/>
<attack name="fire" interval="2000" chance="20" range="7" radius="1" target="1" max="-250">
<attribute key="shootEffect" value="fire"/>
<attribute key="areaEffect" value="firearea"/>
</attack>
<attack name="fire" interval="2000" chance="10" range="7" radius="4" target="1" max="-460">
<attribute key="shootEffect" value="fire"/>
<attribute key="areaEffect" value="firearea"/>
</attack>
	<attack name="energy" interval="2000" chance="15" range="7" target="1" max="-300">
	  <attribute key="shootEffect" value="energyball"/>
	  <attribute key="areaEffect" value="energy"/>
	  </attack>
</attacks>
	<defenses armor="25" defense="25">
<defense name="invisible" interval="1000" chance="10" duration="3000">
<attribute key="areaEffect" value="redshimmer"/>
		</defense>
	</defenses>
<elements>
<element holyPercent="20"/>
<element energyPercent="25"/>
<element deathPercent="-10"/>
<element earthPercent="-10"/>
</elements>
<immunities>
<immunity fire="1"/>
<immunity invisible="1"/>
</immunities>
<loot>
<item id="2152" countmax="2" chance="25000"/><!-- platinum coin -->
<item id="2666" chance="22500"/><!-- meat -->
<item id="2147" chance="10000"/><!-- small ruby -->
	<item id="1987" chance="100000"><!-- bag -->
		<inside>
	 	<item id="11308" chance="7000"/><!-- weaver's wandtip -->
		<item id="11297" chance="1250"/><!-- Zaoan Shoes -->
		<item id="8871" chance="1000"/><!-- focus cape -->
		<item id="11349" chance="550"/><!-- spellweaver's rope  -->
		</inside>
	</item>
</loot>
</monster>