<?xml version="1.0" encoding="UTF-8"?>
<monster name="Lizard Chosen" nameDescription="a lizard chosen" race="blood" experience="3500" speed="240" manacost="0">
<health now="4050" max="4050"/>
<look type="344" corpse="11279"/>
<targetchange interval="5000" chance="8"/>
<strategy attack="100" defense="0"/>
<flags>
<flag summonable="0"/>
<flag attackable="1"/>
<flag hostile="1"/>
<flag illusionable="1"/>
<flag convinceable="0"/>
<flag pushable="0"/>
<flag canpushitems="1"/>
<flag canpushcreatures="0"/>
<flag targetdistance="1"/>
<flag staticattack="90"/>
<flag runonhealth="50"/>
</flags>
<attacks>
<attack name="melee" interval="2000" skill="80" attack="80"/>
<attack name="poison" interval="3000" chance="15" length="8" spread="3" min="-90" max="-180">
<attribute key="areaEffect" value="poison"/>
</attack>
</attacks>
<defenses armor="25" defense="25">
<defense name="healing" interval="2000" chance="20" max="100">
<attribute key="areaEffect" value="blueshimmer"/>
</defense>
</defenses>
<elements>
<element firePercent="10"/>
<element energyPercent="20"/>
<element icePercent="10"/>
</elements>
<immunities>
<immunity earth="1"/>
<immunity invisible="1"/>
</immunities>
<voices interval="5000" chance="10">
<voice sentence="Grzzzzzzz!"/>
</voices>
<loot>
<item id="2148" countmax="90" chance="25000"/><!-- gold coin -->
<item id="2148" countmax="70" chance="25000"/><!-- gold coin -->
<item id="2148" countmax="64" chance="25000"/><!-- gold coin -->
<item id="11319" chance="10000"/><!-- spiked iron ball -->
<item id="11321" chance="8500"/><!-- cursed shoulder spikes -->
<item id="7591" chance="7000"/><!-- great health potion -->
<item id="1987" chance="100000"><!-- bag -->
<inside>
<item id="11320" chance="4000"/><!-- corrupted flag -->
<item id="5876" chance="1000"/><!-- lizard leather -->
<item id="5881" chance="1250"/><!-- lizard scale -->
<item id="11297" chance="750"/><!-- zaoan shoes -->
<item id="11296" chance="400"/><!-- zaoan helmet -->
</inside>
</item>
</loot>
</monster>