<?xml version="1.0" encoding="UTF-8"?>
<monster name="Orc Marauder" nameDescription="a orc marauder" race="blood" experience="220" speed="390" manacost="0">
	<health now="235" max="235"/>
	<look type="342" corpse="11245"/>
	<targetchange interval="5000" chance="8"/>
	<strategy attack="100" defense="0"/>
	<flags>
		<flag summonable="0"/>
		<flag attackable="1"/>
		<flag hostile="1"/>
		<flag illusionable="0"/>
		<flag convinceable="490"/>
		<flag pushable="0"/>
		<flag canpushitems="1"/>
		<flag canpushcreatures="1"/>
		<flag targetdistance="1"/>
		<flag staticattack="90"/>
		<flag runonhealth="0"/>
	</flags>
	<attacks>
		<attack name="melee" interval="2000" skill="40" attack="70"/>
		<attack name="physical" interval="2000" chance="50" range="7" min="-0" max="-80">
			<attribute key="shootEffect" value="arrow"/>
		</attack>
	</attacks>
	<defenses armor="20" defense="45">
		<defense name="speed" interval="2000" chance="7" speedchange="350" duration="4000">
			<attribute key="areaEffect" value="redshimmer"/>
		</defense>
	</defenses>
	<elements>
		<element energyPercent="1"/>
		<element holyPercent="1"/>
		<element earthPercent="-1"/>
		<element deathPercent="-1"/>
	</elements>
	<immunities>
		<immunity invisible="1"/>
	</immunities>
	<voices interval="5000" chance="10">
		<voice sentence="Grrrrrr"/>
	</voices>
	<loot>
		<item id="2148" countmax="45" chance="7500"/><!-- gold coin -->
		<item id="2148" countmax="40" chance="7500"/><!-- gold coin -->
		<item id="2666" countmax="2" chance="16250"/><!-- meat -->
		<item id="2428" chance="23250"/><!-- orcish axe -->
		<item id="2456" chance="6000"/><!-- bow -->
		<item id="1987" chance="100000"><!-- bag -->
		<inside>
		<item id="2425" chance="4500"/><!-- obsidian lance -->
		<item id="11318" chance="9500"/><!-- shaggy tail -->
		<item id="11109" chance="5000"/><!-- orc tooth -->
		<item id="8857" chance="500"/><!-- silkweaver bow -->
		</inside>
	</item>
</loot>
</monster>
