<?xml version="1.0" encoding="UTF-8"?>
<actions>
     
    <!-- Addons estatuas -->	
	<action uniqueid="3035" script="addons/barbarian.lua" />
	<action uniqueid="3020" script="addons/nobleman.lua" />
	<action uniqueid="3025" script="addons/summoner.lua" />
	<action uniqueid="3080" script="addons/nightmare.lua" />
	<action uniqueid="3060" script="addons/assassin.lua" />	
	<action uniqueid="3000" script="addons/hunter.lua" />
	<action uniqueid="3070" script="addons/shaman.lua" />	
	<action uniqueid="3055" script="addons/pirate.lua" />	
	<action uniqueid="3095" script="addons/demonhunter.lua" />
	<action uniqueid="3045" script="addons/wizard.lua" />
	<action uniqueid="4000" script="addons/yalaharian.lua" />
	<action uniqueid="3065" script="addons/beggar.lua" />
	<action uniqueid="3030" script="addons/warrior.lua" />
	<action uniqueid="3005" script="addons/citizen.lua" />
	<action uniqueid="3075" script="addons/norseman.lua" />
	<action uniqueid="3085" script="addons/jester.lua" />
	<action uniqueid="3050" script="addons/oriental.lua" />	
	<action uniqueid="3090" script="addons/brotherhood.lua" />	
	<action uniqueid="3010" script="addons/mage.lua" />
	<action uniqueid="3015" script="addons/knight.lua" />		
	<action uniqueid="3040" script="addons/druid.lua" />	
	<action uniqueid="4005" script="addons/warmaster.lua" />
	
	<action fromaid="15150" toaid="15151" script="ctf.lua" />
	<!--<action itemid="13030" script="other/change_sex.lua"/>--> escolher id
    <action itemid="12544" script="other/stamina_refuel.lua"/>
	<action itemid="11144" script="other/frag_remover.lua"/> 
	
	
	<!-- Novas King Potion -->
    <action itemid="12328" script="kingpotion.lua" />
	
    <!-- Combate -->
	<action itemid="18415" script="other/critical.lua"/>
	<!--<action itemid="18413" script="other/dodge.lua"/>-->

	<action itemid="8300" event="script" script="upgrade.lua" />
	
	<!-- Addons e mounts -->
	<action itemid="13559" script="addon_doll.lua"/>
    <action itemid="13030" script="custom/modalMD.lua"/>
	
    <!-- Terceira promotion -->
    <action itemid="5952" script="promotion.lua"/>
	
    <!-- Private hunt -->
    <action itemid="18423" script="privatesystem.lua"/>
	
	<!-- 3 Classe Doors -->
	<action actionid="8651;8652;8653;8654" script="3classeporta.lua"/>
	
	
	<!-- Vip Itens -->
	<action fromid="10133" toid="10135" script="vipitems.lua"/>
	<action itemid="24774" script="tibiacoin.lua" />
	
    <!-- Vip Doors -->
	<action actionid="1502" script="vipdoors.lua"/>
    <action actionid="1503" script="vipdoors.lua"/>
    <action actionid="1504" script="vipdoors.lua"/>
	

	<!-- Enchanting -->
	<action fromid="2146" toid="2147" script="other/enchanting.lua" />
	<action fromid="2149" toid="2150" script="other/enchanting.lua" />
	<action itemid="2342" script="other/enchanting.lua" />
	<action fromid="7759" toid="7762" script="other/enchanting.lua" />
	<action itemid="24739" script="other/enchanting.lua" />

	<!-- Quests -->
	<action itemid="1740" script="quests/quests.lua" />
	<action fromid="1747" toid="1749" script="quests/quests.lua" />
	<action uniqueid="30015" script="quests/annihilator.lua" />

	<!-- Tools -->
	<action itemid="2420" script="tools/machete.lua" />
	<action itemid="2550" script="tools/scythe.lua" />
	<action itemid="2580" script="tools/fishing.lua" allowfaruse="1" />
	<action itemid="2554" script="tools/shovel.lua" />
	<action itemid="2120" script="tools/rope.lua" />
	<action itemid="2553" script="tools/pick.lua" />

	<!-- Transform and decay -->
	<action fromid="1479" toid="1480" script="other/decayto.lua" />
	<action fromid="1634" toid="1641" script="other/decayto.lua" />
	<action fromid="1786" toid="1793" script="other/decayto.lua" />
	<action fromid="1873" toid="1876" script="other/decayto.lua" />
	<action fromid="1945" toid="1946" script="other/decayto.lua" />
	<action fromid="2037" toid="2042" script="other/decayto.lua" />
	<action fromid="2044" toid="2045" script="other/decayto.lua" />
	<action fromid="2047" toid="2048" script="other/decayto.lua" />
	<action fromid="2050" toid="2055" script="other/decayto.lua" />
	<action fromid="2058" toid="2061" script="other/decayto.lua" />
	<action fromid="2064" toid="2069" script="other/decayto.lua" />
	<action fromid="2096" toid="2097" script="other/decayto.lua" />
	<action fromid="2162" toid="2163" script="other/decayto.lua" />
	<action itemid="2578" script="other/decayto.lua" />
	<action fromid="3947" toid="3948" script="other/decayto.lua" />
	<action fromid="5812" toid="5813" script="other/decayto.lua" />
	<action fromid="6489" toid="6490" script="other/decayto.lua" />
	<action fromid="7058" toid="7059" script="other/decayto.lua" />
	<action fromid="8684" toid="8691" script="other/decayto.lua" />
	<action fromid="9575" toid="9582" script="other/decayto.lua" />
	<action fromid="9747" toid="9750" script="other/decayto.lua" />
	<action fromid="19691" toid="19692" script="other/decayto.lua" />

	<!-- Food -->
	<action itemid="2362" script="other/food.lua" />
	<action fromid="2666" toid="2691" script="other/food.lua" />
	<action fromid="2695" toid="2696" script="other/food.lua" />
	<action fromid="2787" toid="2796" script="other/food.lua" />
	<action itemid="5097" script="other/food.lua" />
	<action itemid="6125" script="other/food.lua" />
	<action fromid="6278" toid="6279" script="other/food.lua" />
	<action fromid="6393" toid="6394" script="other/food.lua" />
	<action itemid="6501" script="other/food.lua" />
	<action fromid="6541" toid="6545" script="other/food.lua" />
	<action itemid="6569" script="other/food.lua" />
	<action itemid="6574" script="other/food.lua" />
	<action fromid="7158" toid="7159" script="other/food.lua" />
	<action fromid="7372" toid="7377" script="other/food.lua" />
	<action fromid="7909" toid="7910" script="other/food.lua" />
	<action itemid="7963" script="other/food.lua" />
	<action itemid="8112" script="other/food.lua" />
	<action fromid="8838" toid="8845" script="other/food.lua" />
	<action itemid="8847" script="other/food.lua" />
	<action itemid="9005" script="other/food.lua" />
	<action itemid="9114" script="other/food.lua" />
	<action itemid="9996" script="other/food.lua" />
	<action itemid="10454" script="other/food.lua" />
	<action itemid="11246" script="other/food.lua" />
	<action itemid="11370" script="other/food.lua" />
	<action itemid="11429" script="other/food.lua" />
	<action fromid="12415" toid="12418" script="other/food.lua" />
	<action fromid="12637" toid="12639" script="other/food.lua" />
	<action itemid="13297" script="other/food.lua" />
	<action itemid="15405" script="other/food.lua" />
	<action fromid="15487" toid="15488" script="other/food.lua" />
	<action itemid="16014" script="other/food.lua" />
	<action itemid="18397" script="other/food.lua" />
	<action itemid="19737" script="other/food.lua" />
	<action fromid="20100" toid="20101" script="other/food.lua" />

	<!-- Spellbooks -->
	<action itemid="2175" script="other/spellbook.lua" />
	<action itemid="6120" script="other/spellbook.lua" />
	<action fromid="8900" toid="8904" script="other/spellbook.lua" />
	<action itemid="8918" script="other/spellbook.lua" />

	<!-- Other -->
	<action itemid="6578" script="other/partyhat.lua" />
	<action itemid="2114" script="other/piggybank.lua" />
	<action fromid="6570" toid="6571" script="other/surprisebag.lua" />
	<action itemid="6576" script="other/fireworksrocket.lua" />
	<action itemid="2036" script="other/watch.lua" />
	<action fromid="1728" toid="1731" script="other/watch.lua" />
	<action itemid="2785" script="other/blueberrybush.lua" />
	<action itemid="2579" script="other/trap.lua" />
	<action itemid="2148" script="other/changegold.lua" />
	<action itemid="2152" script="other/changegold.lua" />
	<action itemid="2160" script="other/changegold.lua" />
	<action itemid="15515" script="other/changegold.lua" />	
	<action fromid="3901" toid="3938" script="other/constructionkits.lua" />
	<action fromid="5086" toid="5088" script="other/constructionkits.lua" />
	<action itemid="6114" script="other/constructionkits.lua" />
	<action itemid="6115" script="other/constructionkits.lua" />
	<action itemid="6372" script="other/constructionkits.lua" />
	<action itemid="6373" script="other/constructionkits.lua" />
	<action itemid="8692" script="other/constructionkits.lua" />
	<action itemid="9974" script="other/constructionkits.lua" />
	<action itemid="11124" script="other/constructionkits.lua" />
	<action itemid="11126" script="other/constructionkits.lua" />
	<action itemid="11133" script="other/constructionkits.lua" />
	<action itemid="11205" script="other/constructionkits.lua" />
	<action itemid="14328" script="other/constructionkits.lua" />
	<action itemid="14329" script="other/constructionkits.lua" />
	<action itemid="16075" script="other/constructionkits.lua" />
	<action itemid="16099" script="other/constructionkits.lua" />
	<action itemid="20254" script="other/constructionkits.lua" />
	<action itemid="20255" script="other/constructionkits.lua" />
	<action itemid="20257" script="other/constructionkits.lua" />
	<action fromid="7904" toid="7907" script="other/bed_modification_kits.lua" />
	<action itemid="20252" script="other/bed_modification_kits.lua" />
	<action fromid="2070" toid="2085" script="other/music.lua" />
	<action itemid="2332" script="other/music.lua" />
	<action itemid="2364" script="other/music.lua" />
	<action fromid="2367" toid="2373" script="other/music.lua" />
	<action fromid="3951" toid="3953" script="other/music.lua" />
	<action itemid="3957" script="other/music.lua" />
	<action itemid="5786" script="other/music.lua" />
	<action fromid="6572" toid="6573" script="other/music.lua" />
	<action itemid="13759" script="other/music.lua" />
	<action itemid="430" script="other/teleport.lua" />
	<action itemid="1369" script="other/teleport.lua" />
	<action itemid="1386" script="other/teleport.lua" />
	<action itemid="3678" script="other/teleport.lua" />
	<action itemid="5543" script="other/teleport.lua" />
	<action fromid="2376" toid="2404" script="other/destroy.lua" />
	<action fromid="2406" toid="2419" script="other/destroy.lua" />
	<action fromid="2421" toid="2453" script="other/destroy.lua" />
	<action fromid="2005" toid="2009" script="other/fluids.lua" />
	<action fromid="2011" toid="2015" script="other/fluids.lua" />
	<action itemid="2023" script="other/fluids.lua" />
	<action itemid="1775" script="other/fluids.lua" />
	<action fromid="2031" toid="2034" script="other/fluids.lua" />
	<action fromid="2574" toid="2577" script="other/fluids.lua" />
	<action itemid="6558" script="other/potions.lua" />
	<action fromid="7439" toid="7440" script="other/potions.lua" />
	<action itemid="7443" script="other/potions.lua" />
	<action fromid="7588" toid="7591" script="other/potions.lua" />
	<action itemid="7618" script="other/potions.lua" />
	<action itemid="7620" script="other/potions.lua" />
	<action fromid="8472" toid="8474" script="other/potions.lua" />
	<action itemid="8704" script="other/potions.lua" />
	<action fromid="26029" toid="26031" script="other/potions.lua" />
	<action itemid="2692" script="other/createbread.lua" />
	<action itemid="2694" script="other/createbread.lua" />
	<action fromid="6436" toid="6447" script="other/windows.lua" />
	<action fromid="6450" toid="6473" script="other/windows.lua" />
	<action fromid="6788" toid="6791" script="other/windows.lua" />
	<action fromid="7025" toid="7032" script="other/windows.lua" />
	<action fromid="10264" toid="10267" script="other/windows.lua" />
	<action fromid="10488" toid="10491" script="other/windows.lua" />
	<action fromid="5303" toid="5304" script="other/windows.lua" />
	<action fromid="6448" toid="6449" script="other/windows.lua" />
	<action fromid="19427" toid="19428" script="other/windows.lua" />
	<action fromid="19440" toid="19441" script="other/windows.lua" />
	<action fromid="19443" toid="19450" script="other/windows.lua" />
	<action fromid="19974" toid="19975" script="other/windows.lua" />
	<action fromid="20180" toid="20185" script="other/windows.lua" />
	<action fromid="1209" toid="1214" script="other/doors.lua" />
	<action fromid="1219" toid="1262" script="other/doors.lua" />
	<action fromid="1539" toid="1542" script="other/doors.lua" />
	<action fromid="2086" toid="2092" script="other/doors.lua" />
	<action fromid="3535" toid="3552" script="other/doors.lua" />
	<action fromid="4913" toid="4918" script="other/doors.lua" />
	<action fromid="5082" toid="5085" script="other/doors.lua" />
	<action fromid="5098" toid="5145" script="other/doors.lua" />
	<action fromid="5278" toid="5295" script="other/doors.lua" />
	<action fromid="5515" toid="5518" script="other/doors.lua" />
	<action fromid="5732" toid="5737" script="other/doors.lua" />
	<action fromid="5745" toid="5749" script="other/doors.lua" />
	<action fromid="6192" toid="6209" script="other/doors.lua" />
	<action fromid="6249" toid="6266" script="other/doors.lua" />
	<action fromid="6795" toid="6802" script="other/doors.lua" />
	<action fromid="6891" toid="6908" script="other/doors.lua" />
	<action fromid="7033" toid="7050" script="other/doors.lua" />
	<action fromid="7054" toid="7057" script="other/doors.lua" />
	<action fromid="8541" toid="8558" script="other/doors.lua" />
	<action fromid="9165" toid="9184" script="other/doors.lua" />
	<action fromid="9267" toid="9284" script="other/doors.lua" />
	<action itemid="10032" script="other/doors.lua" />
	<action fromid="10268" toid="10285" script="other/doors.lua" />
	<action fromid="10468" toid="10486" script="other/doors.lua" />
	<action fromid="10775" toid="10777" script="other/doors.lua" />
	<action fromid="10780" toid="10786" script="other/doors.lua" />
	<action fromid="10789" toid="10792" script="other/doors.lua" />
	<action fromid="12092" toid="12105" script="other/doors.lua" />
	<action fromid="12188" toid="12190" script="other/doors.lua" />
	<action fromid="12193" toid="12199" script="other/doors.lua" />
	<action fromid="12202" toid="12205" script="other/doors.lua" />
	<action fromid="19840" toid="19857" script="other/doors.lua" />
	<action fromid="19980" toid="19997" script="other/doors.lua" />
	<action fromid="20273" toid="20290" script="other/doors.lua" />
	<action fromid="17235" toid="17238" script="other/doors.lua" />
	<action fromid="18208" toid="18209" script="other/doors.lua" />
	<action fromid="13020" toid="13023" script="other/doors.lua" />
	<action fromid="25160" toid="25161" script="other/doors.lua" />
	<action itemid="14405" function="market" />
	<action fromid="18488" toid="18492" script="other/skilltrainer.lua" />
	<action itemid="3743" script="other/transforms.lua" />
	<action itemid="4404" script="other/transforms.lua" />

	<!-- _Scripts OTX -->
		<!-- Modified Scripts from TFS
			actions.lua
			quest.lua
			teleport.lua
			fluids.lua
			potions.lua
			doors.lua
			"tools scripts"
		-->

		<!-- Quests -->
		<action actionid="2000" script="_scripts_otx/system.lua" />

		<!-- Tools -->
		<action itemid="5710" script="tools/shovel.lua" />
		<action itemid="10223" script="tools/fishing.lua" allowfaruse="1" />

		<action itemid="5865" script="_scripts_otx/juice squeezer.lua" />
		<action itemid="5942" script="_scripts_otx/skinning.lua" />
		<action itemid="5908" script="_scripts_otx/skinning.lua" />
		<action itemid="9930" script="_scripts_otx/rustremover.lua" />
		<action itemid="10309" script="_scripts_otx/noxiousclaw.lua" />
		<action itemid="10511" script="_scripts_otx/toolgear.lua" />
		<action itemid="10513" script="_scripts_otx/toolgear.lua" />
		<action itemid="10515" script="_scripts_otx/toolgear.lua" />

		<!-- Ceremonial ankh - Ornamented brooch & Blessings -->
		<action itemid="6561" script="_scripts_otx/checkbless.lua" />
		<action itemid="12424" script="_scripts_otx/checkbless.lua" />
		<action fromid="11258" toid="11262" script="_scripts_otx/blessingCharms.lua" />

		<!-- Offline Training -->
		<action itemid="12397" script="_scripts_otx/trainingbook.lua" />

		<!-- Taming Items -->
		<action itemid="5907" script="_scripts_otx/taming.lua" />
		<action itemid="13247" script="_scripts_otx/taming.lua" />
		<action fromid="13291" toid="13295" script="_scripts_otx/taming.lua" />
		<action itemid="13298" script="_scripts_otx/taming.lua" />
		<action itemid="13305" script="_scripts_otx/taming.lua" />
		<action itemid="13307" script="_scripts_otx/taming.lua" />
		<action itemid="13498" script="_scripts_otx/taming.lua" />
		<action itemid="13508" script="_scripts_otx/taming.lua" />
		<action fromid="13535" toid="13539" script="_scripts_otx/taming.lua" />
		<action fromid="13938" toid="13939" script="_scripts_otx/taming.lua" />
		<action fromid="15545" toid="15546" script="_scripts_otx/taming.lua" />
		<action fromid="18447" toid="18449" script="_scripts_otx/taming.lua" />
		<action itemid="18511" script="_scripts_otx/musicbox.lua" />
		<action itemid="18516" script="_scripts_otx/taming.lua" />
		<action itemid="20138" script="_scripts_otx/taming.lua" />
		<action itemid="22608" script="_scripts_otx/taming.lua" />

		<!-- Dolls -->
		<action itemid="5080" script="_scripts_otx/dolls.lua" />
		<action itemid="5669" script="_scripts_otx/dolls.lua" />
		<action itemid="6388" script="_scripts_otx/dolls.lua" />
		<action itemid="6512" script="_scripts_otx/dolls.lua" />
		<action itemid="6566" script="_scripts_otx/dolls.lua" />
		<action itemid="8974" script="_scripts_otx/dolls.lua" />
		<action itemid="8977" script="_scripts_otx/dolls.lua" />
		<action itemid="8981" script="_scripts_otx/dolls.lua" />
		<action itemid="8982" script="_scripts_otx/dolls.lua" />

		<!-- Others -->
		<action itemid="3955" script="_scripts_otx/voodoodoll.lua" />
		<action itemid="5468" script="_scripts_otx/firebug.lua" />
		<action fromid="5792" toid="5797" script="_scripts_otx/dice.lua" />
		<action itemid="5957" script="_scripts_otx/lotteryticket.lua" />
		<action itemid="16101" script="_scripts_otx/premiumscroll.lua" />

		<action itemid="12647" script="other/spellbook.lua" />
		<action itemid="16112" script="other/spellbook.lua" />
		<action itemid="18401" script="other/spellbook.lua" />
		<action fromid="22422" toid="22424" script="other/spellbook.lua" />
</actions>
