<?xml version="1.0" encoding="UTF-8"?>
<globalevents>
    
	<!-- Zoombie Event -->
	<globalevent name="Zumbi_Event" time="20:44" script="ZE_globalevents.lua"/>
	
	<!-- Last Man Event -->
	<globalevent name="Last Man Standing" time="20:35" script="lms.lua"/>	
	
	<!-- Capture Flag Event -->
	<globalevent name="Capture The Flag" time="09:30:00" script="capture.lua" />
	<globalevent name="Capture The Flag1" time="19:15:00" script="capture.lua" />
	<globalevent name="Capture The Flag4" time="02:00:00" script="capture.lua" />
	<!-- FireStorm-->
    <!--<globalevent name="firestorm_event" interval="72000000" script="firestorm.lua"/>-->
	
	
	<globalevent type="startup" name="ServerStartup" script="startup.lua" />
	<globalevent type="record" name="PlayerRecord" script="record.lua" />
	<globalevent name="Loteria1" time="08:00:00" script="loteria.lua" />
	<globalevent name="Loteria2" time="09:00:00" script="loteria.lua" />
	<globalevent name="Loteria3" time="10:00:00" script="loteria.lua" />
	<globalevent name="Loteria4" time="12:00:00" script="loteria.lua" />
	<globalevent name="Loteria5" time="14:00:00" script="loteria.lua" />
	<globalevent name="Loteria6" time="16:00:00" script="loteria.lua" />
	<globalevent name="Loteria7" time="18:00:00" script="loteria.lua" />
	<globalevent name="Loteria8" time="20:00:00" script="loteria.lua" />
	<globalevent name="Loteria11" time="21:00:00" script="loteria.lua" />
	<globalevent name="Loteria9" time="22:00:00" script="loteria.lua" />
	<globalevent name="Loteria10" time="23:59:00" script="loteria.lua" />
	<globalevent name="text" interval="3500" script="text.lua"/>
	<!--<globalevent name="tempohunt" interval="5000" event="tempohunt.lua"/>-->
	<!--AURAS-->
	<globalevent name="Aura1" interval="2000" script="aura1.lua"/>
	<globalevent name="Aura2" interval="2000" script="aura2.lua"/>
	<globalevent name="Aura3" interval="2000" script="aura3.lua"/>
	<globalevent name="Aura4" interval="2000" script="aura4.lua"/>
	
	<!-- CONFIGURAR COM 3 HORAS A MENOS SEMPRE -->
    <globalevent name="shopguild" interval="30000" script="others/shopguild.lua"/>
	<globalevent interval="100000" name="GuildWar" script="guildwar.lua"/>
	<globalevent interval="3600000" name="AutoSave" script="autosave.lua"/>
	<globalevent name="RentedMounts" interval="15000" script="others/checkMount.lua" />
	<globalevent name="HouseClean" time="03:00:00" event="script" value="houseclean.lua"/>
    <globalevent type="startup" name="doCheckHouses" script="others/doCheckHouses.lua" />
	
	    <!-- Teleports -->
	<globalevent name="evento" interval="2000" event="script" value="evento.lua"/>
	<globalevent name="addonquest" interval="2000" event="script" value="addonquest.lua"/>
	<globalevent name="estatuaarena" interval="2000" event="script" value="estatuaarena.lua"/>
	<globalevent name="arena" interval="2000" event="script" value="arena.lua"/>
	<globalevent name="inquisit" interval="2000" event="script" value="inquisit.lua"/>
    <globalevent name="arenaquest" interval="2000" event="script" value="arenaquest.lua"/>
	<globalevent name="elemental" interval="2000" event="script" value="elemental.lua"/>
	<globalevent name="set" interval="2000" event="script" value="set.lua"/>
	<globalevent name="pvp" interval="2000" event="script" value="pvp.lua"/>
	<globalevent name="quest" interval="2000" event="script" value="quest.lua"/>
	<globalevent name="questvip" interval="2000" event="script" value="questvip.lua"/>
	<globalevent name="tps" interval="2000" event="script" value="tps.lua"/>
	<globalevent name="trainer" interval="2000" event="script" value="trainer.lua"/>
	<globalevent name="vip 1" interval="2000" event="script" value="vip 1.lua"/>
	<globalevent name="vip 2" interval="2000" event="script" value="vip 2.lua"/>
	<globalevent name="npc" interval="2000" event="script" value="npc.lua"/>
	<globalevent name="Shop" interval="30000" script="others/shop.lua"/>

	<!-- OTX Systems -->
		<!-- Modified Scripts from TFS
			serversave.lua - for save with interval time
		-->

		<!-- Save 15 minutes / Clean 2 hours -->
		<globalevent name="Server Save" interval="1800000" script="autosave.lua" />
		<globalevent name="Clean Map" interval="7200000" script="cleanmap.lua" />
</globalevents>
