<?xml version="1.0" encoding="UTF-8"?>
<modules>
	<!-- GameStore -->
	<module type="recvbyte" byte="233" script="gamestore/gamestore.lua"/>
	<module type="recvbyte" byte="239" script="gamestore/gamestore.lua"/>
	<module type="recvbyte" byte="250" delay="600" script="gamestore/gamestore.lua"/>
	<module type="recvbyte" byte="251" script="gamestore/gamestore.lua"/>
	<module type="recvbyte" byte="252" script="gamestore/gamestore.lua"/>
	<module type="recvbyte" byte="253" script="gamestore/gamestore.lua"/>
	<module type="recvbyte" byte="254" script="gamestore/gamestore.lua"/>

	<!-- EquipObject By Hotkey -->
	<module type="recvbyte" byte="119" delay="1000" script="equipobject/equipobject.lua"/>
</modules>
