<?xml version="1.0" encoding="UTF-8"?>
<creaturescripts>

    <event type="preparedeath" name="BFPrepareDeath" script="battlefield.lua" />
	<event type="healthchange" name="BFHealthChange" script="battlefield.lua" />
	<event type="manachange" name="BFManaChange" script="battlefield.lua" />
	<event type="logout" name="BFLogout" script="battlefield.lua" />

    <event type="preparedeath" name="CTFDeath" script="ctf.lua" />
    <event type="healthchange" name="CTFHealthChange" script="ctf.lua" />
	
	<event type="preparedeath" name="ZumbiDeath" script="ZE_creaturescript.lua"/> 
	
	<!-- BattleField Event -->
	<event type="login" name="battleflogin" script="others/battlefield.lua"/>
	<event type="preparedeath" name="battledeath" script="others/battlefield.lua"/>
	
	<event type="login" name="battleflogin1" script="others/battlefield1.lua"/>
	<event type="preparedeath" name="battledeath1" script="others/battlefield1.lua"/>
	
	<!-- firestorm -->
    <!--<event type="prepareDeath" name="fire_event" script="firestorm.lua"/>-->

    <!--<event type="healthchange" name="DodgeSystem" script="dodgeSystem.lua"/>
	<event type="healthchange" name="CriticalSystem" script="criticalSystem.lua"/>-->

    <event type="kill" name="killpoint" script="onkill.lua"/>
    <event type="preparedeath" name="deathpoint" script="onpd.lua"/>
	
	
	<event type="login" name="bless1" script="freeblesslowlevel.lua"/>
	<event type="login" name="FirstItems" script="others/firstitems.lua" />	
    <!--TASK-->
    <event type="kill" name="Tasks" script="killtasks.lua"/>
	
	<!--RECOMPENSA AO UPAR-->
	<event type="advance" name="onadvance_reward" script="onadvance_reward.lua"/>
    <event type="login" name="onadv_register" script="onadvance_reward.lua"/>
	
    <!--MIRROR BOSS-->
    <event type="death" name="CleanBehavior" script="monster/cleanbehavior.lua"/>
    <event type="death" name="SummonDeath" script="monster/sumdeath.lua"/>     
	
	<!--AUTO LOOT-->
	<event type="kill" name="AutoLoot" script="autoloot.lua" />
	
	<!--HUNT PRIVATE-->
	<!--<event type="logout" name="questLogout" script="timehunt.lua"/>-->
	<event type="login" name="timeAcess" script="expulsarcave.lua"/>
	<event type="think" name="Godp" script="expulsarcave.lua"/>
    <event type="kill" name="timeAcessKill" script="expulsarcave.lua"/>     
	
	<!--MIRROR COIN-->
	<event type="kill" name="LuckyPoints" script="luckypoints.lua"/>
    <event type="ModalWindow" name="ModalWindow_LuckyCoins" script="modalluckycoins.lua"/>
	
    <!--ADDON E MOUNT DOLL-->
	<event type="modalwindow" name="modalAD" script="custom/modalAD.lua"/>
    <event type="modalwindow" name="modalMD" script="custom/modalMD.lua"/>
	<event type="modalwindow" name="ModalWindowHelper" script="modalwindowhelper.lua" />
	
	<!--NORMAIS-->
    <event type="death" name="SkullAmulet" event="script" value="preparedeath.lua"/>
	<event type="login" name="PlayerLogin" event="script" value="login.lua"/>
	<event type="login" name="AntiMbCrash" event="script" value="antimbcrash.lua"/>	
    <event type="logout" name="perderefeito" event="script" value="perderefeito.lua"/>	
	
	<!--<event type="statschange" name="zombieevent" event="script" value="zombie event.lua"/>-->
    <event type="death" name="guardablood" event="script" value="BloodCreatureGuarda.lua"/>
    <event type="death" name="arcanjoblood" event="script" value="BloodCreatureAnjo.lua"/>
    <event type="death" name="morrerblood" event="script" value="BloodCreature.lua"/>
    <event type="death" name="loginblood" event="script" value="BloodCreature.lua"/>
	
    <event type="login" name="BattleLogin" event="script" value="BattleCreatureScript.lua"/>
    <event type="PrepareDeath" name="BattleDeath" event="script" value="BattleCreatureScript.lua"/>
    <!--<event type="combat" name="BattleTeam" event="script" value="BattleCreatureScript.lua"/>-->	
	
    <event type="kill" name="anunciarmorte" event="script" value="anunciar_morte.lua"/>
    <event type="death" name="DeathBroadcast" event="script" value="deathBroadcast.lua"/>
    <event type="kill" name="pvpsystem" event="script" value="pvpsystem.lua"/>
    <event type="login" name="AntiMageBomb" event="script" value="antimagebomb.lua"/>
    <event type="login" name="CheckMcManager" event="script" value="checkmcmanager.lua"/>
    <event type="login" name="antiacc" event="script" value="antiacc.lua"/>
    <event type="login" name="Mensagem" script="msg.lua"/>
	<event type="login" name="TopEffect" event="script" value="topeffect.lua"/>
    <event type="advance" name="CheckTop" event="script" value="topeffect.lua"/>
    <event type="advance" name="PointSystem" event="script" value="PointsSystem.lua"/>
	<event type="think" name="TiraBattle" event="script" value="tirabattle.lua"/>
    <event type="login" name="HeadshotLogin" event="script" value="headshot.lua"/>
    <event type="login" name="SurvivalOfTheFittestLogin" script="fittest.lua"/>
    <event type="death" name="SurvivalOfTheFittest" script="fittest.lua"/>
    <event type="login" name="AntiMc" event="script" value="antimc.lua"/>
    <event type="login" name="AuraLogin" script="auralogin.lua"/>
	<event type="death" name="deathnoob" event="script" value="noobsay.lua"/>	
	<event type="death" name="huntdeath" event="script" value="death.lua"/>
	<event type="logout" name="loguthunt" event="script" value="logouthunt.lua"/>
	<!--<event type="joinchannel" name="GuildMotd" event="script" value="guildmotd.lua"/>-->	
    <event type="preparedeath" name="forever amulet" event="script" value="aol.lua"/>        
    <event type="death" name="teleportmonster" script="tpmonster.lua"/>
    <event type="think" name="Idle" event="script" value="idle.lua"/>
	<event type="think" name="SkullCheck" event="script" value="skullcheck.lua"/>
	<event type="death" name="PlayerDeath" event="script" value="playerdeath.lua"/>
	<!--<event type="login" name="FirstItems" event="script" value="firstitems.lua"/>        
	<event type="attack" name="attackguild" script="attackguild.lua"/>-->	
	<event type="PrepareDeath" name="pvparena" script="pvparena.lua"/>
	<!--Addons-->
	<event type="death" name="teleportmonster2" script="tpmonster2.lua"/> <!-- Jack Sparrow -->
	<event type="death" name="teleportmonster3" script="tpmonster3.lua"/> <!-- Orochimaru -->
	<event type="death" name="teleportmonster4" script="tpmonster4.lua"/> <!-- Merlin -->
	<event type="death" name="teleportmonster5" script="tpmonster5.lua"/> <!-- Constantine -->
	<event type="death" name="teleportmonster6" script="tpmonster6.lua"/> <!-- Conan o Barbaro -->
	<event type="death" name="teleportmonster7" script="tpmonster7.lua"/> <!-- Konga -->
	<event type="death" name="teleportmonster8" script="tpmonster8.lua"/> <!-- Esquimoh -->
	<event type="death" name="teleportmonster9" script="tpmonster9.lua"/> <!-- Lament of Innocence -->
	<event type="death" name="teleportmonster10" script="tpmonster10.lua"/> <!-- King Arthur -->
	<event type="death" name="teleportmonster11" script="tpmonster11.lua"/> <!-- Drako -->
	<event type="death" name="teleportmonster12" script="tpmonster12.lua"/> <!-- Chaos -->
	<event type="death" name="teleportmonster13" script="tpmonster13.lua"/> <!-- Alucard -->
	<event type="death" name="teleportmonster14" script="tpmonster14.lua"/> <!-- Symphony of the Night -->
	<event type="death" name="teleportmonster15" script="tpmonster15.lua"/> <!-- Espirito da Natureza -->
	<event type="death" name="teleportmonster16" script="tpmonster16.lua"/> <!-- Catatau -->
	<event type="death" name="teleportmonster17" script="tpmonster17.lua"/> <!-- Moby Dick -->
	<event type="death" name="teleportmonster18" script="tpmonster18.lua"/> <!-- Coringa -->
	<event type="death" name="teleportmonster19" script="tpmonster19.lua"/> <!-- Robin Hood -->
	<event type="death" name="teleportmonster20" script="tpmonster20.lua"/> <!-- Belmont's Revenge -->
	<event type="death" name="teleportmonster21" script="tpmonster21.lua"/> <!-- Gaia -->
	<event type="death" name="teleportmonster22" script="tpmonster22.lua"/> <!-- Gentleman -->
	<event type="death" name="teleportmonster27" script="tpmonster27.lua"/> <!-- Last Samurai -->
	<!--Arena-->	
	<event type="death" name="teleportarena1" script="tparena1.lua"/>	
	<!-- Elemental quest -->
	<event type="death" name="teleportmonster23" script="tpmonster23.lua"/> <!-- Massive Energy Elemental -->	
	<event type="death" name="teleportmonster24" script="tpmonster24.lua"/> <!-- Massive Earth Elemental -->	
	<event type="death" name="teleportmonster25" script="tpmonster25.lua"/> <!-- Massive Fire Elemental -->	
	<event type="death" name="teleportmonster26" script="tpmonster26.lua"/> <!-- Massive Water Elemental -->	






	<event type="login" name="PlayerLogin" script="login.lua" />
	<event type="logout" name="PlayerLogout" script="logout.lua" />
	<event type="login" name="OfflineTraining" script="offlinetraining.lua" />
	<event type="login" name="RegenerateStamina" script="regeneratestamina.lua" />
	<event type="death" name="PlayerDeath" script="playerdeath.lua" />
	<event type="death" name="DropLoot" script="droploot.lua" />
	<event type="extendedopcode" name="ExtendedOpcode" script="extendedopcode.lua" />

	<!-- OTX Systems -->
		<!-- Modified Scripts from TFS
			firstitems.lua
			login.lua
				- onMovementRemoveProtection
				- RewardSystem
			logout.luya
				- RewardSystem
			playerdeath.lua
				- sendWarStatus
		-->

		<!--<event type="login" name="FirstItems" script="firstitems.lua" />-->
		<event type="advance" name="AdvanceSave" script="advance_save.lua" />
		<event type="death" name="BossDeath" script="boss.lua" />
		<event type="healthchange" name="BossParticipation" script="boss.lua" />
		<event type="think" name="BossThink" script="boss.lua" />
		<!-- 
			<event type="advance" name="onadvance_reward" script="onadvance_reward.lua"/>
			<event type="login" name="onadv_register" script="onadvance_reward.lua"/>
			<event type="login" name="freebless" script="freeblesslowlevel.lua"/>
		-->
</creaturescripts>
