<?xml version="1.0" encoding="UTF-8"?>
<channels>
	<channel id="2" name="Tutor" script="tutor.lua" />
	<channel id="3" name="World Chat" public="1" script="worldchat.lua" />
	<channel id="4" name="English Chat" public="1" script="englishchat.lua" />
	<channel id="5" name="Advertising" public="1" script="advertising.lua" />
	<channel id="6" name="Advertising-Rookgaard" public="1" script="advertising-rook.lua" />
	<channel id="7" name="Help" public="1" script="help.lua" />
	<channel id="8" name="Gamemaster" script="gamemaster.lua" />

	<!-- OTX Systems -->
	<channel id="10" name="Guild Leaders" script="guildleaders.lua" />
</channels>
