﻿<?xml version="1.0" encoding="UTF-8"?>
<monster name="Alucard" nameDescription="Alucard" race="blood" experience="15000" speed="1010" manacost="0">
  <health now="120000" max="120000"/>
  <look type="133" body="0" feet="78" head="59"  legs="48"  addons="3" corpse="6080"/>    
  <targetchange interval="2000" chance="10"/>
	<strategy attack="65" defense="20"/>
	<flags>
		<flag summonable="0"/>
		<flag attackable="1"/>
		<flag hostile="1"/>
		<flag illusionable="0"/>
		<flag convinceable="0"/>
		<flag pushable="0"/>
		<flag canpushitems="1"/>
		<flag canpushcreatures="1"/>
		<flag targetdistance="1"/>
		<flag runonhealth="3000"/>
	</flags>
	<attacks>
			<attack name="melee" interval="2000" skill="200" attack="250"/>
		<attack name="manadrain" interval="1000" chance="7" range="7" min="-500" max="-1500">
			<attribute key="shootEffect" value="energy"/>
			<attribute key="areaEffect" value="poff"/>
		</attack>
		<attack name="strength" interval="1000" chance="9" range="7">
			<attribute key="shootEffect" value="largerock"/>
			<attribute key="areaEffect" value="energyarea"/>
		</attack>
		<attack name="fire" interval="1000" chance="34" range="7" radius="7" target="1" min="-500" max="-1500">
			<attribute key="shootEffect" value="fire"/>
			<attribute key="areaEffect" value="firearea"/>
		</attack>		
	</attacks>
	<defenses>
		<defense name="healing" interval="1000" chance="25" min="2000" max="3000">
			<attribute key="areaEffect" value="blueshimmer"/>
		</defense>
		<defense name="invisible" interval="1000" chance="17" duration="2000">
			<attribute key="areaEffect" value="blueshimmer"/>
		</defense>
	</defenses>
	<immunities>
		<immunity physical="0"/>
		<immunity energy="0"/>
		<immunity fire="0"/>
		<immunity poison="0"/>
		<immunity lifedrain="1"/>
		<immunity paralyze="1"/>
		<immunity outfit="1"/>
		<immunity drunk="1"/>
		<immunity invisible="1"/>
	</immunities>	
	<script>
<event name="teleportmonster13"/>
</script>
</monster>
